x-axis,1,2,3
second,Volt,Volt,Volt
-740.000E-06,+250.000000E-03,-17.499983E-03,+34.374997E-03
-735.000E-06,+250.000000E-03,-17.499983E-03,+34.374997E-03
-730.000E-06,+250.000000E-03,-11.249983E-03,+18.749997E-03
-725.000E-06,+250.000000E-03,-11.249983E-03,+3.124997E-03
-720.000E-06,+250.000000E-03,-11.249983E-03,+18.749997E-03
-715.000E-06,+250.000000E-03,-17.499983E-03,+34.374997E-03
-710.000E-06,+93.750000E-03,-11.249983E-03,+34.374997E-03
-705.000E-06,+250.000000E-03,-23.749983E-03,+18.749997E-03
-700.000E-06,+250.000000E-03,-23.749983E-03,+18.749997E-03
-695.000E-06,+250.000000E-03,-23.749983E-03,+34.374997E-03
-690.000E-06,+406.250000E-03,-17.499983E-03,+3.124997E-03
-685.000E-06,+406.250000E-03,-23.749983E-03,+34.374997E-03
-680.000E-06,+250.000000E-03,-17.499983E-03,+3.124997E-03
-675.000E-06,+250.000000E-03,-17.499983E-03,+3.124997E-03
-670.000E-06,+93.750000E-03,-17.499983E-03,+18.749997E-03
-665.000E-06,+250.000000E-03,-11.249983E-03,+18.749997E-03
-660.000E-06,+250.000000E-03,-11.249983E-03,+18.749997E-03
-655.000E-06,+250.000000E-03,-11.249983E-03,+3.124997E-03
-650.000E-06,-62.500000E-03,+1.250017E-03,+18.749997E-03
-645.000E-06,+250.000000E-03,-17.499983E-03,+18.749997E-03
-640.000E-06,+93.750000E-03,-11.249983E-03,+3.124997E-03
-635.000E-06,+406.250000E-03,-11.249983E-03,+18.749997E-03
-630.000E-06,+250.000000E-03,-11.249983E-03,+18.749997E-03
-625.000E-06,+250.000000E-03,-11.249983E-03,+18.749997E-03
-620.000E-06,+250.000000E-03,-17.499983E-03,+18.749997E-03
-615.000E-06,+250.000000E-03,-11.249983E-03,+3.124997E-03
-610.000E-06,+250.000000E-03,-17.499983E-03,+3.124997E-03
-605.000E-06,+93.750000E-03,-17.499983E-03,+3.124997E-03
-600.000E-06,+250.000000E-03,-23.749983E-03,+3.124997E-03
-595.000E-06,+406.250000E-03,-17.499983E-03,+18.749997E-03
-590.000E-06,+250.000000E-03,-17.499983E-03,+18.749997E-03
-585.000E-06,+250.000000E-03,-11.249983E-03,+18.749997E-03
-580.000E-06,+93.750000E-03,-11.249983E-03,+34.374997E-03
-575.000E-06,+562.500000E-03,-17.499983E-03,+18.749997E-03
-570.000E-06,+250.000000E-03,-11.249983E-03,+3.124997E-03
-565.000E-06,+250.000000E-03,-11.249983E-03,+18.749997E-03
-560.000E-06,+250.000000E-03,-17.499983E-03,+18.749997E-03
-555.000E-06,+93.750000E-03,-11.249983E-03,+34.374997E-03
-550.000E-06,+250.000000E-03,-11.249983E-03,+3.124997E-03
-545.000E-06,+250.000000E-03,-11.249983E-03,+18.749997E-03
-540.000E-06,+250.000000E-03,-11.249983E-03,+18.749997E-03
-535.000E-06,+406.250000E-03,-11.249983E-03,+3.124997E-03
-530.000E-06,+250.000000E-03,-4.999983E-03,+18.749997E-03
-525.000E-06,+250.000000E-03,-17.499983E-03,+18.749997E-03
-520.000E-06,+406.250000E-03,-17.499983E-03,+3.124997E-03
-515.000E-06,+250.000000E-03,-11.249983E-03,+3.124997E-03
-510.000E-06,+250.000000E-03,-11.249983E-03,+18.749997E-03
-505.000E-06,+250.000000E-03,-11.249983E-03,+18.749997E-03
-500.000E-06,+250.000000E-03,-11.249983E-03,+34.374997E-03
-495.000E-06,+250.000000E-03,-17.499983E-03,+18.749997E-03
-490.000E-06,+406.250000E-03,-17.499983E-03,+18.749997E-03
-485.000E-06,+250.000000E-03,-17.499983E-03,+18.749997E-03
-480.000E-06,+250.000000E-03,-11.249983E-03,+34.374997E-03
-475.000E-06,+250.000000E-03,-17.499983E-03,+18.749997E-03
-470.000E-06,+250.000000E-03,-17.499983E-03,+18.749997E-03
-465.000E-06,+250.000000E-03,-23.749983E-03,+18.749997E-03
-460.000E-06,+93.750000E-03,-23.749983E-03,+34.374997E-03
-455.000E-06,+406.250000E-03,-23.749983E-03,+18.749997E-03
-450.000E-06,+250.000000E-03,-11.249983E-03,+18.749997E-03
-445.000E-06,+250.000000E-03,-23.749983E-03,+18.749997E-03
-440.000E-06,+250.000000E-03,-23.749983E-03,+18.749997E-03
-435.000E-06,+250.000000E-03,-17.499983E-03,+34.374997E-03
-430.000E-06,+250.000000E-03,-11.249983E-03,+18.749997E-03
-425.000E-06,+250.000000E-03,-17.499983E-03,+18.749997E-03
-420.000E-06,+250.000000E-03,-11.249983E-03,+18.749997E-03
-415.000E-06,+250.000000E-03,-4.999983E-03,+18.749997E-03
-410.000E-06,+250.000000E-03,-17.499983E-03,+18.749997E-03
-405.000E-06,+406.250000E-03,-17.499983E-03,+18.749997E-03
-400.000E-06,+406.250000E-03,-17.499983E-03,+34.374997E-03
-395.000E-06,+250.000000E-03,-11.249983E-03,+18.749997E-03
-390.000E-06,+93.750000E-03,-17.499983E-03,+18.749997E-03
-385.000E-06,+250.000000E-03,-23.749983E-03,+18.749997E-03
-380.000E-06,+250.000000E-03,-11.249983E-03,+3.124997E-03
-375.000E-06,+93.750000E-03,-11.249983E-03,+34.374997E-03
-370.000E-06,+93.750000E-03,-17.499983E-03,+3.124997E-03
-365.000E-06,+406.250000E-03,-17.499983E-03,+18.749997E-03
-360.000E-06,+250.000000E-03,-17.499983E-03,+3.124997E-03
-355.000E-06,+250.000000E-03,-11.249983E-03,+18.749997E-03
-350.000E-06,+250.000000E-03,-11.249983E-03,+18.749997E-03
-345.000E-06,+250.000000E-03,-17.499983E-03,+18.749997E-03
-340.000E-06,+250.000000E-03,-17.499983E-03,+34.374997E-03
-335.000E-06,+250.000000E-03,-11.249983E-03,+3.124997E-03
-330.000E-06,+250.000000E-03,-23.749983E-03,+18.749997E-03
-325.000E-06,+406.250000E-03,-17.499983E-03,+18.749997E-03
-320.000E-06,+250.000000E-03,-17.499983E-03,+34.374997E-03
-315.000E-06,+250.000000E-03,-17.499983E-03,+18.749997E-03
-310.000E-06,+250.000000E-03,-11.249983E-03,+34.374997E-03
-305.000E-06,+250.000000E-03,-17.499983E-03,+18.749997E-03
-300.000E-06,+250.000000E-03,-17.499983E-03,+34.374997E-03
-295.000E-06,+250.000000E-03,-11.249983E-03,+18.749997E-03
-290.000E-06,+250.000000E-03,-17.499983E-03,+18.749997E-03
-285.000E-06,+406.250000E-03,-23.749983E-03,+34.374997E-03
-280.000E-06,+250.000000E-03,-17.499983E-03,+18.749997E-03
-275.000E-06,+250.000000E-03,-23.749983E-03,+18.749997E-03
-270.000E-06,+406.250000E-03,-23.749983E-03,+34.374997E-03
-265.000E-06,+250.000000E-03,-23.749983E-03,+18.749997E-03
-260.000E-06,+250.000000E-03,-11.249983E-03,+18.749997E-03
-255.000E-06,+250.000000E-03,-23.749983E-03,+3.124997E-03
-250.000E-06,+250.000000E-03,-23.749983E-03,+34.374997E-03
-245.000E-06,+250.000000E-03,-17.499983E-03,+18.749997E-03
-240.000E-06,+406.250000E-03,-23.749983E-03,+3.124997E-03
-235.000E-06,+406.250000E-03,-23.749983E-03,+18.749997E-03
-230.000E-06,+250.000000E-03,-23.749983E-03,+18.749997E-03
-225.000E-06,+250.000000E-03,-17.499983E-03,+34.374997E-03
-220.000E-06,+406.250000E-03,-17.499983E-03,+3.124997E-03
-215.000E-06,+406.250000E-03,-11.249983E-03,+18.749997E-03
-210.000E-06,+93.750000E-03,-11.249983E-03,+18.749997E-03
-205.000E-06,+250.000000E-03,-11.249983E-03,+18.749997E-03
-200.000E-06,+250.000000E-03,-17.499983E-03,+18.749997E-03
-195.000E-06,+250.000000E-03,-23.749983E-03,+18.749997E-03
-190.000E-06,+250.000000E-03,-4.999983E-03,+18.749997E-03
-185.000E-06,+93.750000E-03,-17.499983E-03,+18.749997E-03
-180.000E-06,+250.000000E-03,-17.499983E-03,+34.374997E-03
-175.000E-06,+406.250000E-03,-11.249983E-03,+18.749997E-03
-170.000E-06,+250.000000E-03,-17.499983E-03,+34.374997E-03
-165.000E-06,+93.750000E-03,-17.499983E-03,+18.749997E-03
-160.000E-06,+250.000000E-03,-11.249983E-03,+18.749997E-03
-155.000E-06,+250.000000E-03,+1.250017E-03,+18.749997E-03
-150.000E-06,+93.750000E-03,+1.250017E-03,+18.749997E-03
-145.000E-06,+250.000000E-03,-17.499983E-03,+34.374997E-03
-140.000E-06,+250.000000E-03,-23.749983E-03,+18.749997E-03
-135.000E-06,+250.000000E-03,-4.999983E-03,+34.374997E-03
-130.000E-06,+406.250000E-03,-11.249983E-03,+3.124997E-03
-125.000E-06,+406.250000E-03,-11.249983E-03,+18.749997E-03
-120.000E-06,+250.000000E-03,-17.499983E-03,+3.124997E-03
-115.000E-06,+406.250000E-03,-11.249983E-03,+34.374997E-03
-110.000E-06,+250.000000E-03,-4.999983E-03,+18.749997E-03
-105.000E-06,+250.000000E-03,-23.749983E-03,+18.749997E-03
-100.000E-06,+250.000000E-03,-11.249983E-03,+18.749997E-03
-95.000E-06,+250.000000E-03,-17.499983E-03,+18.749997E-03
-90.000E-06,+250.000000E-03,-23.749983E-03,+18.749997E-03
-85.000E-06,+250.000000E-03,-11.249983E-03,+18.749997E-03
-80.000E-06,+250.000000E-03,-11.249983E-03,+3.124997E-03
-75.000E-06,+93.750000E-03,-11.249983E-03,+3.124997E-03
-70.000E-06,+406.250000E-03,-11.249983E-03,+18.749997E-03
-65.000E-06,+93.750000E-03,-11.249983E-03,+18.749997E-03
-60.000E-06,+250.000000E-03,-11.249983E-03,+34.374997E-03
-55.000E-06,+93.750000E-03,-11.249983E-03,+18.749997E-03
-50.000E-06,+250.000000E-03,-11.249983E-03,+18.749997E-03
-45.000E-06,+250.000000E-03,-4.999983E-03,+3.124997E-03
-40.000E-06,+250.000000E-03,-4.999983E-03,+18.749997E-03
-35.000E-06,+250.000000E-03,-11.249983E-03,+3.124997E-03
-30.000E-06,+250.000000E-03,-11.249983E-03,+34.374997E-03
-25.000E-06,+93.750000E-03,-17.499983E-03,+34.374997E-03
-20.000E-06,+250.000000E-03,-23.749983E-03,+3.124997E-03
-15.000E-06,+93.750000E-03,-17.499983E-03,+3.124997E-03
-10.000E-06,+93.750000E-03,-11.249983E-03,+18.749997E-03
-5.000E-06,+406.250000E-03,-23.749983E-03,+18.749997E-03
+0.0E+00,+250.000000E-03,-11.249983E-03,+18.749997E-03
+5.000E-06,+250.000000E-03,-11.249983E-03,+18.749997E-03
+10.000E-06,+93.750000E-03,+1.250017E-03,+18.749997E-03
+15.000E-06,+250.000000E-03,+7.500017E-03,+3.124997E-03
+20.000E-06,+250.000000E-03,+1.250017E-03,+34.374997E-03
+25.000E-06,+93.750000E-03,+13.750017E-03,+34.374997E-03
+30.000E-06,+93.750000E-03,+13.750017E-03,+18.749997E-03
+35.000E-06,+93.750000E-03,+26.250017E-03,+49.999997E-03
+40.000E-06,+4.312500000E+00,-42.499984E-03,+690.624997E-03
+45.000E-06,+6.500000000E+00,-54.999984E-03,+1.081249997E+00
+50.000E-06,+8.062500000E+00,-73.749984E-03,+1.284374997E+00
+55.000E-06,+9.000000000E+00,-73.749984E-03,+1.409374997E+00
+60.000E-06,+9.625000000E+00,-86.249984E-03,+1.471874997E+00
+65.000E-06,+9.625000000E+00,-79.999984E-03,+1.518749997E+00
+70.000E-06,+9.937500000E+00,-86.249984E-03,+1.549999997E+00
+75.000E-06,+9.937500000E+00,-86.249984E-03,+1.565624997E+00
+80.000E-06,+10.093750000E+00,-79.999984E-03,+1.581249997E+00
+85.000E-06,+10.250000000E+00,-86.249984E-03,+1.581249997E+00
+90.000E-06,+10.250000000E+00,-86.249984E-03,+1.581249997E+00
+95.000E-06,+10.093750000E+00,-79.999984E-03,+1.596874997E+00
+100.000E-06,+10.093750000E+00,-79.999984E-03,+1.596874997E+00
+105.000E-06,+10.093750000E+00,-79.999984E-03,+1.596874997E+00
+110.000E-06,+10.250000000E+00,-73.749984E-03,+1.581249997E+00
+115.000E-06,+10.093750000E+00,-79.999984E-03,+1.581249997E+00
+120.000E-06,+10.093750000E+00,-79.999984E-03,+1.581249997E+00
+125.000E-06,+10.093750000E+00,-79.999984E-03,+1.596874997E+00
+130.000E-06,+10.250000000E+00,-86.249984E-03,+1.565624997E+00
+135.000E-06,+10.093750000E+00,-86.249984E-03,+1.596874997E+00
+140.000E-06,+9.937500000E+00,-79.999984E-03,+1.565624997E+00
+145.000E-06,+10.250000000E+00,-73.749984E-03,+1.581249997E+00
+150.000E-06,+10.093750000E+00,-79.999984E-03,+1.565624997E+00
+155.000E-06,+9.937500000E+00,-79.999984E-03,+1.565624997E+00
+160.000E-06,+10.093750000E+00,-79.999984E-03,+1.565624997E+00
+165.000E-06,+9.937500000E+00,-86.249984E-03,+1.565624997E+00
+170.000E-06,+10.093750000E+00,-79.999984E-03,+1.565624997E+00
+175.000E-06,+10.093750000E+00,-73.749984E-03,+1.565624997E+00
+180.000E-06,+10.093750000E+00,-73.749984E-03,+1.565624997E+00
+185.000E-06,+9.937500000E+00,-79.999984E-03,+1.565624997E+00
+190.000E-06,+9.937500000E+00,-79.999984E-03,+1.565624997E+00
+195.000E-06,+10.250000000E+00,-73.749984E-03,+1.565624997E+00
+200.000E-06,+10.093750000E+00,-73.749984E-03,+1.565624997E+00
+205.000E-06,+10.093750000E+00,-79.999984E-03,+1.549999997E+00
+210.000E-06,+9.937500000E+00,-86.249984E-03,+1.549999997E+00
+215.000E-06,+9.937500000E+00,-86.249984E-03,+1.565624997E+00
+220.000E-06,+9.937500000E+00,-86.249984E-03,+1.549999997E+00
+225.000E-06,+10.093750000E+00,-79.999984E-03,+1.549999997E+00
+230.000E-06,+9.937500000E+00,-86.249984E-03,+1.565624997E+00
+235.000E-06,+9.937500000E+00,-92.499984E-03,+1.565624997E+00
+240.000E-06,+9.937500000E+00,-92.499984E-03,+1.549999997E+00
+245.000E-06,+9.937500000E+00,-92.499984E-03,+1.549999997E+00
+250.000E-06,+9.781250000E+00,-79.999984E-03,+1.534374997E+00
+255.000E-06,+9.937500000E+00,-79.999984E-03,+1.534374997E+00
+260.000E-06,+10.093750000E+00,-73.749984E-03,+1.534374997E+00
+265.000E-06,+9.781250000E+00,-73.749984E-03,+1.534374997E+00
+270.000E-06,+9.937500000E+00,-79.999984E-03,+1.549999997E+00
+275.000E-06,+9.937500000E+00,-73.749984E-03,+1.534374997E+00
+280.000E-06,+9.937500000E+00,-73.749984E-03,+1.534374997E+00
+285.000E-06,+9.781250000E+00,-73.749984E-03,+1.534374997E+00
+290.000E-06,+9.937500000E+00,-73.749984E-03,+1.534374997E+00
+295.000E-06,+9.781250000E+00,-79.999984E-03,+1.549999997E+00
+300.000E-06,+9.781250000E+00,-86.249984E-03,+1.534374997E+00
+305.000E-06,+9.781250000E+00,-79.999984E-03,+1.518749997E+00
+310.000E-06,+9.781250000E+00,-79.999984E-03,+1.534374997E+00
+315.000E-06,+9.937500000E+00,-73.749984E-03,+1.518749997E+00
+320.000E-06,+9.781250000E+00,-79.999984E-03,+1.549999997E+00
+325.000E-06,+9.625000000E+00,-73.749984E-03,+1.518749997E+00
+330.000E-06,+9.937500000E+00,-73.749984E-03,+1.534374997E+00
+335.000E-06,+9.781250000E+00,-73.749984E-03,+1.534374997E+00
+340.000E-06,+9.937500000E+00,-73.749984E-03,+1.518749997E+00
+345.000E-06,+9.781250000E+00,-73.749984E-03,+1.534374997E+00
+350.000E-06,+9.781250000E+00,-73.749984E-03,+1.518749997E+00
+355.000E-06,+9.625000000E+00,-61.249984E-03,+1.518749997E+00
+360.000E-06,+9.781250000E+00,-67.499984E-03,+1.518749997E+00
+365.000E-06,+9.625000000E+00,-73.749984E-03,+1.503124997E+00
+370.000E-06,+9.625000000E+00,-79.999984E-03,+1.503124997E+00
+375.000E-06,+9.625000000E+00,-73.749984E-03,+1.503124997E+00
+380.000E-06,+9.625000000E+00,-67.499984E-03,+1.487499997E+00
+385.000E-06,+9.781250000E+00,-79.999984E-03,+1.503124997E+00
+390.000E-06,+9.625000000E+00,-73.749984E-03,+1.487499997E+00
+395.000E-06,+9.468750000E+00,-73.749984E-03,+1.503124997E+00
+400.000E-06,+9.781250000E+00,-67.499984E-03,+1.487499997E+00
+405.000E-06,+9.781250000E+00,-73.749984E-03,+1.503124997E+00
+410.000E-06,+9.468750000E+00,-67.499984E-03,+1.503124997E+00
+415.000E-06,+9.625000000E+00,-73.749984E-03,+1.503124997E+00
+420.000E-06,+9.625000000E+00,-73.749984E-03,+1.487499997E+00
+425.000E-06,+9.468750000E+00,-79.999984E-03,+1.471874997E+00
+430.000E-06,+9.468750000E+00,-86.249984E-03,+1.503124997E+00
+435.000E-06,+9.625000000E+00,-73.749984E-03,+1.487499997E+00
+440.000E-06,+9.625000000E+00,-73.749984E-03,+1.487499997E+00
+445.000E-06,+9.468750000E+00,-73.749984E-03,+1.471874997E+00
+450.000E-06,+9.468750000E+00,-67.499984E-03,+1.456249997E+00
+455.000E-06,+9.468750000E+00,-73.749984E-03,+1.487499997E+00
+460.000E-06,+9.468750000E+00,-67.499984E-03,+1.487499997E+00
+465.000E-06,+9.625000000E+00,-67.499984E-03,+1.471874997E+00
+470.000E-06,+9.625000000E+00,-73.749984E-03,+1.487499997E+00
+475.000E-06,+9.781250000E+00,-67.499984E-03,+1.487499997E+00
+480.000E-06,+9.625000000E+00,-73.749984E-03,+1.487499997E+00
+485.000E-06,+9.625000000E+00,-73.749984E-03,+1.456249997E+00
+490.000E-06,+9.468750000E+00,-73.749984E-03,+1.471874997E+00
+495.000E-06,+9.468750000E+00,-67.499984E-03,+1.471874997E+00
+500.000E-06,+9.468750000E+00,-67.499984E-03,+1.471874997E+00
+505.000E-06,+9.468750000E+00,-67.499984E-03,+1.456249997E+00
+510.000E-06,+9.625000000E+00,-73.749984E-03,+1.456249997E+00
+515.000E-06,+9.468750000E+00,-73.749984E-03,+1.471874997E+00
+520.000E-06,+9.312500000E+00,-73.749984E-03,+1.456249997E+00
+525.000E-06,+9.468750000E+00,-67.499984E-03,+1.440624997E+00
+530.000E-06,+9.312500000E+00,-61.249984E-03,+1.456249997E+00
+535.000E-06,+9.312500000E+00,-73.749984E-03,+1.456249997E+00
+540.000E-06,+9.468750000E+00,-67.499984E-03,+1.456249997E+00
+545.000E-06,+9.312500000E+00,-73.749984E-03,+1.456249997E+00
+550.000E-06,+9.312500000E+00,-67.499984E-03,+1.456249997E+00
+555.000E-06,+9.468750000E+00,-67.499984E-03,+1.440624997E+00
+560.000E-06,+9.312500000E+00,-67.499984E-03,+1.440624997E+00
+565.000E-06,+9.468750000E+00,-73.749984E-03,+1.440624997E+00
+570.000E-06,+9.156250000E+00,-73.749984E-03,+1.424999997E+00
+575.000E-06,+9.312500000E+00,-67.499984E-03,+1.440624997E+00
+580.000E-06,+9.156250000E+00,-73.749984E-03,+1.424999997E+00
+585.000E-06,+9.156250000E+00,-61.249984E-03,+1.424999997E+00
+590.000E-06,+9.312500000E+00,-67.499984E-03,+1.409374997E+00
+595.000E-06,+9.156250000E+00,-67.499984E-03,+1.424999997E+00
+600.000E-06,+9.312500000E+00,-67.499984E-03,+1.440624997E+00
+605.000E-06,+9.312500000E+00,-73.749984E-03,+1.440624997E+00
+610.000E-06,+9.312500000E+00,-67.499984E-03,+1.409374997E+00
+615.000E-06,+9.312500000E+00,-61.249984E-03,+1.424999997E+00
+620.000E-06,+9.156250000E+00,-67.499984E-03,+1.409374997E+00
+625.000E-06,+9.156250000E+00,-61.249984E-03,+1.424999997E+00
+630.000E-06,+9.156250000E+00,-73.749984E-03,+1.409374997E+00
+635.000E-06,+9.156250000E+00,-67.499984E-03,+1.424999997E+00
+640.000E-06,+9.156250000E+00,-61.249984E-03,+1.409374997E+00
+645.000E-06,+9.156250000E+00,-61.249984E-03,+1.424999997E+00
+650.000E-06,+9.156250000E+00,-61.249984E-03,+1.409374997E+00
+655.000E-06,+9.156250000E+00,-61.249984E-03,+1.424999997E+00
+660.000E-06,+9.156250000E+00,-61.249984E-03,+1.409374997E+00
+665.000E-06,+8.843750000E+00,-67.499984E-03,+1.409374997E+00
+670.000E-06,+9.000000000E+00,-67.499984E-03,+1.393749997E+00
+675.000E-06,+9.156250000E+00,-67.499984E-03,+1.393749997E+00
+680.000E-06,+9.000000000E+00,-67.499984E-03,+1.393749997E+00
+685.000E-06,+9.000000000E+00,-67.499984E-03,+1.378124997E+00
+690.000E-06,+9.000000000E+00,-73.749984E-03,+1.409374997E+00
+695.000E-06,+9.156250000E+00,-54.999984E-03,+1.393749997E+00
+700.000E-06,+9.000000000E+00,-67.499984E-03,+1.378124997E+00
+705.000E-06,+9.000000000E+00,-61.249984E-03,+1.378124997E+00
+710.000E-06,+8.843750000E+00,-54.999984E-03,+1.393749997E+00
+715.000E-06,+9.000000000E+00,-67.499984E-03,+1.378124997E+00
+720.000E-06,+9.000000000E+00,-54.999984E-03,+1.378124997E+00
+725.000E-06,+9.000000000E+00,-67.499984E-03,+1.378124997E+00
+730.000E-06,+9.000000000E+00,-61.249984E-03,+1.378124997E+00
+735.000E-06,+8.843750000E+00,-67.499984E-03,+1.393749997E+00
+740.000E-06,+9.000000000E+00,-67.499984E-03,+1.378124997E+00
+745.000E-06,+8.843750000E+00,-67.499984E-03,+1.378124997E+00
+750.000E-06,+9.000000000E+00,-67.499984E-03,+1.378124997E+00
+755.000E-06,+8.843750000E+00,-73.749984E-03,+1.362499997E+00
+760.000E-06,+9.000000000E+00,-67.499984E-03,+1.362499997E+00
+765.000E-06,+9.000000000E+00,-61.249984E-03,+1.362499997E+00
+770.000E-06,+9.000000000E+00,-67.499984E-03,+1.378124997E+00
+775.000E-06,+8.687500000E+00,-61.249984E-03,+1.362499997E+00
+780.000E-06,+8.843750000E+00,-61.249984E-03,+1.362499997E+00
+785.000E-06,+8.843750000E+00,-67.499984E-03,+1.346874997E+00
+790.000E-06,+8.687500000E+00,-61.249984E-03,+1.362499997E+00
+795.000E-06,+8.843750000E+00,-61.249984E-03,+1.346874997E+00
+800.000E-06,+8.687500000E+00,-67.499984E-03,+1.362499997E+00
+805.000E-06,+8.843750000E+00,-67.499984E-03,+1.346874997E+00
+810.000E-06,+8.687500000E+00,-61.249984E-03,+1.346874997E+00
+815.000E-06,+8.687500000E+00,-67.499984E-03,+1.346874997E+00
+820.000E-06,+8.687500000E+00,-73.749984E-03,+1.362499997E+00
+825.000E-06,+8.687500000E+00,-73.749984E-03,+1.315624997E+00
+830.000E-06,+8.843750000E+00,-67.499984E-03,+1.346874997E+00
+835.000E-06,+8.687500000E+00,-67.499984E-03,+1.315624997E+00
+840.000E-06,+8.687500000E+00,-61.249984E-03,+1.346874997E+00
+845.000E-06,+8.687500000E+00,-61.249984E-03,+1.331249997E+00
+850.000E-06,+8.687500000E+00,-67.499984E-03,+1.331249997E+00
+855.000E-06,+8.687500000E+00,-54.999984E-03,+1.331249997E+00
+860.000E-06,+8.687500000E+00,-61.249984E-03,+1.331249997E+00
+865.000E-06,+8.531250000E+00,-61.249984E-03,+1.315624997E+00
+870.000E-06,+8.375000000E+00,-54.999984E-03,+1.315624997E+00
+875.000E-06,+8.531250000E+00,-61.249984E-03,+1.315624997E+00
+880.000E-06,+8.531250000E+00,-61.249984E-03,+1.331249997E+00
+885.000E-06,+8.687500000E+00,-61.249984E-03,+1.315624997E+00
+890.000E-06,+8.531250000E+00,-67.499984E-03,+1.315624997E+00
+895.000E-06,+8.531250000E+00,-67.499984E-03,+1.315624997E+00
+900.000E-06,+8.375000000E+00,-61.249984E-03,+1.315624997E+00
+905.000E-06,+8.375000000E+00,-61.249984E-03,+1.315624997E+00
+910.000E-06,+8.375000000E+00,-61.249984E-03,+1.299999997E+00
+915.000E-06,+8.531250000E+00,-61.249984E-03,+1.299999997E+00
+920.000E-06,+8.375000000E+00,-67.499984E-03,+1.299999997E+00
+925.000E-06,+8.375000000E+00,-73.749984E-03,+1.284374997E+00
+930.000E-06,+8.375000000E+00,-61.249984E-03,+1.284374997E+00
+935.000E-06,+8.375000000E+00,-67.499984E-03,+1.299999997E+00
+940.000E-06,+8.375000000E+00,-61.249984E-03,+1.284374997E+00
+945.000E-06,+8.375000000E+00,-61.249984E-03,+1.284374997E+00
+950.000E-06,+8.218750000E+00,-67.499984E-03,+1.284374997E+00
+955.000E-06,+8.218750000E+00,-61.249984E-03,+1.299999997E+00
+960.000E-06,+8.218750000E+00,-67.499984E-03,+1.284374997E+00
+965.000E-06,+8.531250000E+00,-67.499984E-03,+1.268749997E+00
+970.000E-06,+8.375000000E+00,-67.499984E-03,+1.268749997E+00
+975.000E-06,+8.218750000E+00,-54.999984E-03,+1.284374997E+00
+980.000E-06,+8.218750000E+00,-54.999984E-03,+1.268749997E+00
+985.000E-06,+8.218750000E+00,-61.249984E-03,+1.237499997E+00
+990.000E-06,+8.218750000E+00,-73.749984E-03,+1.253124997E+00
+995.000E-06,+8.218750000E+00,-67.499984E-03,+1.268749997E+00
+1.000000E-03,+8.062500000E+00,-61.249984E-03,+1.284374997E+00
+1.005000E-03,+8.218750000E+00,-61.249984E-03,+1.253124997E+00
+1.010000E-03,+8.218750000E+00,-61.249984E-03,+1.253124997E+00
+1.015000E-03,+8.218750000E+00,-61.249984E-03,+1.253124997E+00
+1.020000E-03,+8.218750000E+00,-61.249984E-03,+1.253124997E+00
+1.025000E-03,+8.218750000E+00,-67.499984E-03,+1.268749997E+00
+1.030000E-03,+8.218750000E+00,-61.249984E-03,+1.253124997E+00
+1.035000E-03,+8.062500000E+00,-67.499984E-03,+1.253124997E+00
+1.040000E-03,+8.218750000E+00,-54.999984E-03,+1.221874997E+00
+1.045000E-03,+7.906250000E+00,-54.999984E-03,+1.237499997E+00
+1.050000E-03,+8.062500000E+00,-54.999984E-03,+1.237499997E+00
+1.055000E-03,+8.062500000E+00,-54.999984E-03,+1.221874997E+00
+1.060000E-03,+7.906250000E+00,-67.499984E-03,+1.221874997E+00
+1.065000E-03,+7.906250000E+00,-54.999984E-03,+1.237499997E+00
+1.070000E-03,+7.906250000E+00,-54.999984E-03,+1.237499997E+00
+1.075000E-03,+7.906250000E+00,-54.999984E-03,+1.206249997E+00
+1.080000E-03,+7.906250000E+00,-61.249984E-03,+1.237499997E+00
+1.085000E-03,+7.906250000E+00,-54.999984E-03,+1.221874997E+00
+1.090000E-03,+8.062500000E+00,-54.999984E-03,+1.221874997E+00
+1.095000E-03,+7.906250000E+00,-61.249984E-03,+1.221874997E+00
+1.100000E-03,+8.062500000E+00,-54.999984E-03,+1.221874997E+00
+1.105000E-03,+7.906250000E+00,-61.249984E-03,+1.206249997E+00
+1.110000E-03,+7.750000000E+00,-61.249984E-03,+1.190624997E+00
+1.115000E-03,+7.750000000E+00,-61.249984E-03,+1.206249997E+00
+1.120000E-03,+7.750000000E+00,-54.999984E-03,+1.206249997E+00
+1.125000E-03,+7.750000000E+00,-61.249984E-03,+1.190624997E+00
+1.130000E-03,+7.906250000E+00,-48.749984E-03,+1.206249997E+00
+1.135000E-03,+7.750000000E+00,-48.749984E-03,+1.190624997E+00
+1.140000E-03,+7.750000000E+00,-54.999984E-03,+1.174999997E+00
+1.145000E-03,+7.750000000E+00,-54.999984E-03,+1.190624997E+00
+1.150000E-03,+7.593750000E+00,-67.499984E-03,+1.190624997E+00
+1.155000E-03,+7.593750000E+00,-73.749984E-03,+1.190624997E+00
+1.160000E-03,+7.750000000E+00,-61.249984E-03,+1.190624997E+00
+1.165000E-03,+7.750000000E+00,-67.499984E-03,+1.206249997E+00
+1.170000E-03,+7.750000000E+00,-67.499984E-03,+1.174999997E+00
+1.175000E-03,+7.750000000E+00,-61.249984E-03,+1.174999997E+00
+1.180000E-03,+7.437500000E+00,-61.249984E-03,+1.174999997E+00
+1.185000E-03,+7.593750000E+00,-61.249984E-03,+1.174999997E+00
+1.190000E-03,+7.593750000E+00,-61.249984E-03,+1.159374997E+00
+1.195000E-03,+7.593750000E+00,-61.249984E-03,+1.159374997E+00
+1.200000E-03,+7.593750000E+00,-54.999984E-03,+1.159374997E+00
+1.205000E-03,+7.593750000E+00,-54.999984E-03,+1.128124997E+00
+1.210000E-03,+7.593750000E+00,-61.249984E-03,+1.159374997E+00
+1.215000E-03,+7.593750000E+00,-67.499984E-03,+1.143749997E+00
+1.220000E-03,+7.593750000E+00,-54.999984E-03,+1.159374997E+00
+1.225000E-03,+7.437500000E+00,-61.249984E-03,+1.143749997E+00
+1.230000E-03,+7.593750000E+00,-61.249984E-03,+1.143749997E+00
+1.235000E-03,+7.593750000E+00,-67.499984E-03,+1.159374997E+00
+1.240000E-03,+7.593750000E+00,-67.499984E-03,+1.159374997E+00
+1.245000E-03,+7.593750000E+00,-73.749984E-03,+1.143749997E+00
+1.250000E-03,+7.593750000E+00,-67.499984E-03,+1.143749997E+00
+1.255000E-03,+7.437500000E+00,-67.499984E-03,+1.159374997E+00
+1.260000E-03,+7.437500000E+00,-67.499984E-03,+1.143749997E+00
+1.265000E-03,+7.593750000E+00,-67.499984E-03,+1.143749997E+00
+1.270000E-03,+7.437500000E+00,-61.249984E-03,+1.143749997E+00
+1.275000E-03,+7.437500000E+00,-61.249984E-03,+1.128124997E+00
+1.280000E-03,+7.437500000E+00,-54.999984E-03,+1.128124997E+00
+1.285000E-03,+7.437500000E+00,-61.249984E-03,+1.128124997E+00
+1.290000E-03,+7.437500000E+00,-61.249984E-03,+1.128124997E+00
+1.295000E-03,+7.125000000E+00,-67.499984E-03,+1.128124997E+00
+1.300000E-03,+7.281250000E+00,-61.249984E-03,+1.112499997E+00
+1.305000E-03,+7.437500000E+00,-54.999984E-03,+1.096874997E+00
+1.310000E-03,+7.437500000E+00,-54.999984E-03,+1.128124997E+00
+1.315000E-03,+7.281250000E+00,-54.999984E-03,+1.112499997E+00
+1.320000E-03,+7.281250000E+00,-54.999984E-03,+1.112499997E+00
+1.325000E-03,+7.281250000E+00,-54.999984E-03,+1.096874997E+00
+1.330000E-03,+7.437500000E+00,-48.749984E-03,+1.096874997E+00
+1.335000E-03,+7.281250000E+00,-61.249984E-03,+1.096874997E+00
+1.340000E-03,+7.125000000E+00,-67.499984E-03,+1.096874997E+00
+1.345000E-03,+7.125000000E+00,-67.499984E-03,+1.096874997E+00
+1.350000E-03,+7.125000000E+00,-67.499984E-03,+1.081249997E+00
+1.355000E-03,+7.125000000E+00,-67.499984E-03,+1.096874997E+00
+1.360000E-03,+7.125000000E+00,-61.249984E-03,+1.096874997E+00
+1.365000E-03,+7.281250000E+00,-61.249984E-03,+1.081249997E+00
+1.370000E-03,+7.125000000E+00,-54.999984E-03,+1.096874997E+00
+1.375000E-03,+7.125000000E+00,-54.999984E-03,+1.096874997E+00
+1.380000E-03,+6.968750000E+00,-48.749984E-03,+1.081249997E+00
+1.385000E-03,+7.125000000E+00,-61.249984E-03,+1.081249997E+00
+1.390000E-03,+6.968750000E+00,-61.249984E-03,+1.065624997E+00
+1.395000E-03,+6.968750000E+00,-67.499984E-03,+1.081249997E+00
+1.400000E-03,+6.968750000E+00,-54.999984E-03,+1.065624997E+00
+1.405000E-03,+7.125000000E+00,-61.249984E-03,+1.065624997E+00
+1.410000E-03,+6.968750000E+00,-48.749984E-03,+1.049999997E+00
+1.415000E-03,+6.968750000E+00,-67.499984E-03,+1.081249997E+00
+1.420000E-03,+6.968750000E+00,-61.249984E-03,+1.065624997E+00
+1.425000E-03,+6.812500000E+00,-61.249984E-03,+1.049999997E+00
+1.430000E-03,+6.968750000E+00,-61.249984E-03,+1.049999997E+00
+1.435000E-03,+6.968750000E+00,-67.499984E-03,+1.034374997E+00
+1.440000E-03,+6.812500000E+00,-54.999984E-03,+1.034374997E+00
+1.445000E-03,+6.968750000E+00,-54.999984E-03,+1.049999997E+00
+1.450000E-03,+6.812500000E+00,-61.249984E-03,+1.049999997E+00
+1.455000E-03,+6.812500000E+00,-61.249984E-03,+1.049999997E+00
+1.460000E-03,+6.812500000E+00,-61.249984E-03,+1.049999997E+00
+1.465000E-03,+6.812500000E+00,-67.499984E-03,+1.034374997E+00
+1.470000E-03,+6.812500000E+00,-67.499984E-03,+1.034374997E+00
+1.475000E-03,+6.812500000E+00,-61.249984E-03,+1.034374997E+00
+1.480000E-03,+6.812500000E+00,-61.249984E-03,+1.018749997E+00
+1.485000E-03,+6.656250000E+00,-67.499984E-03,+1.018749997E+00
+1.490000E-03,+6.812500000E+00,-67.499984E-03,+1.034374997E+00
+1.495000E-03,+6.656250000E+00,-61.249984E-03,+1.018749997E+00
+1.500000E-03,+6.812500000E+00,-61.249984E-03,+1.018749997E+00
+1.505000E-03,+6.812500000E+00,-61.249984E-03,+1.003124997E+00
+1.510000E-03,+6.500000000E+00,-67.499984E-03,+1.003124997E+00
+1.515000E-03,+6.656250000E+00,-67.499984E-03,+1.003124997E+00
+1.520000E-03,+6.500000000E+00,-73.749984E-03,+1.018749997E+00
+1.525000E-03,+6.500000000E+00,-67.499984E-03,+1.003124997E+00
+1.530000E-03,+6.656250000E+00,-67.499984E-03,+1.003124997E+00
+1.535000E-03,+6.656250000E+00,-67.499984E-03,+1.018749997E+00
+1.540000E-03,+6.500000000E+00,-67.499984E-03,+1.003124997E+00
+1.545000E-03,+6.656250000E+00,-73.749984E-03,+1.018749997E+00
+1.550000E-03,+6.500000000E+00,-61.249984E-03,+1.003124997E+00
+1.555000E-03,+6.500000000E+00,-73.749984E-03,+987.499997E-03
+1.560000E-03,+6.500000000E+00,-67.499984E-03,+987.499997E-03
+1.565000E-03,+6.500000000E+00,-67.499984E-03,+987.499997E-03
+1.570000E-03,+6.343750000E+00,-73.749984E-03,+987.499997E-03
+1.575000E-03,+6.656250000E+00,-67.499984E-03,+987.499997E-03
+1.580000E-03,+6.500000000E+00,-73.749984E-03,+971.874997E-03
+1.585000E-03,+6.343750000E+00,-67.499984E-03,+987.499997E-03
+1.590000E-03,+6.500000000E+00,-61.249984E-03,+987.499997E-03
+1.595000E-03,+6.343750000E+00,-61.249984E-03,+987.499997E-03
+1.600000E-03,+6.343750000E+00,-61.249984E-03,+971.874997E-03
+1.605000E-03,+6.187500000E+00,-67.499984E-03,+956.249997E-03
+1.610000E-03,+6.343750000E+00,-61.249984E-03,+971.874997E-03
+1.615000E-03,+6.500000000E+00,-61.249984E-03,+956.249997E-03
+1.620000E-03,+6.343750000E+00,-67.499984E-03,+971.874997E-03
+1.625000E-03,+6.343750000E+00,-67.499984E-03,+956.249997E-03
+1.630000E-03,+6.343750000E+00,-61.249984E-03,+971.874997E-03
+1.635000E-03,+6.343750000E+00,-61.249984E-03,+971.874997E-03
+1.640000E-03,+6.187500000E+00,-67.499984E-03,+940.624997E-03
+1.645000E-03,+6.343750000E+00,-67.499984E-03,+971.874997E-03
+1.650000E-03,+6.343750000E+00,-61.249984E-03,+956.249997E-03
+1.655000E-03,+6.187500000E+00,-67.499984E-03,+940.624997E-03
+1.660000E-03,+6.187500000E+00,-61.249984E-03,+940.624997E-03
+1.665000E-03,+6.187500000E+00,-67.499984E-03,+940.624997E-03
+1.670000E-03,+6.187500000E+00,-61.249984E-03,+940.624997E-03
+1.675000E-03,+6.187500000E+00,-67.499984E-03,+924.999997E-03
+1.680000E-03,+6.187500000E+00,-61.249984E-03,+924.999997E-03
+1.685000E-03,+6.187500000E+00,-67.499984E-03,+924.999997E-03
+1.690000E-03,+6.187500000E+00,-61.249984E-03,+924.999997E-03
+1.695000E-03,+6.187500000E+00,-54.999984E-03,+924.999997E-03
+1.700000E-03,+6.031250000E+00,-67.499984E-03,+893.749997E-03
+1.705000E-03,+6.031250000E+00,-61.249984E-03,+924.999997E-03
+1.710000E-03,+6.187500000E+00,-67.499984E-03,+909.374997E-03
+1.715000E-03,+6.031250000E+00,-67.499984E-03,+909.374997E-03
+1.720000E-03,+6.031250000E+00,-73.749984E-03,+909.374997E-03
+1.725000E-03,+5.875000000E+00,-67.499984E-03,+924.999997E-03
+1.730000E-03,+6.031250000E+00,-61.249984E-03,+909.374997E-03
+1.735000E-03,+6.031250000E+00,-73.749984E-03,+909.374997E-03
+1.740000E-03,+6.031250000E+00,-79.999984E-03,+909.374997E-03
+1.745000E-03,+6.031250000E+00,-73.749984E-03,+909.374997E-03
+1.750000E-03,+6.031250000E+00,-73.749984E-03,+893.749997E-03
+1.755000E-03,+5.875000000E+00,-73.749984E-03,+893.749997E-03
+1.760000E-03,+5.718750000E+00,-67.499984E-03,+893.749997E-03
+1.765000E-03,+5.875000000E+00,-73.749984E-03,+878.124997E-03
+1.770000E-03,+5.875000000E+00,-73.749984E-03,+878.124997E-03
+1.775000E-03,+5.875000000E+00,-67.499984E-03,+893.749997E-03
+1.780000E-03,+5.875000000E+00,-67.499984E-03,+909.374997E-03
+1.785000E-03,+5.718750000E+00,-61.249984E-03,+878.124997E-03
+1.790000E-03,+5.875000000E+00,-61.249984E-03,+878.124997E-03
+1.795000E-03,+5.875000000E+00,-61.249984E-03,+878.124997E-03
+1.800000E-03,+5.875000000E+00,-61.249984E-03,+878.124997E-03
+1.805000E-03,+5.875000000E+00,-67.499984E-03,+878.124997E-03
+1.810000E-03,+5.718750000E+00,-61.249984E-03,+862.499997E-03
+1.815000E-03,+5.875000000E+00,-67.499984E-03,+878.124997E-03
+1.820000E-03,+5.875000000E+00,-67.499984E-03,+862.499997E-03
+1.825000E-03,+5.718750000E+00,-67.499984E-03,+862.499997E-03
+1.830000E-03,+5.718750000E+00,-73.749984E-03,+862.499997E-03
+1.835000E-03,+5.718750000E+00,-67.499984E-03,+862.499997E-03
+1.840000E-03,+5.718750000E+00,-67.499984E-03,+862.499997E-03
+1.845000E-03,+5.875000000E+00,-61.249984E-03,+846.874997E-03
+1.850000E-03,+5.718750000E+00,-61.249984E-03,+831.249997E-03
+1.855000E-03,+5.562500000E+00,-67.499984E-03,+862.499997E-03
+1.860000E-03,+5.718750000E+00,-67.499984E-03,+846.874997E-03
+1.865000E-03,+5.718750000E+00,-54.999984E-03,+846.874997E-03
+1.870000E-03,+5.406250000E+00,-61.249984E-03,+846.874997E-03
+1.875000E-03,+5.562500000E+00,-54.999984E-03,+846.874997E-03
+1.880000E-03,+5.562500000E+00,-61.249984E-03,+831.249997E-03
+1.885000E-03,+5.718750000E+00,-54.999984E-03,+846.874997E-03
+1.890000E-03,+5.718750000E+00,-67.499984E-03,+846.874997E-03
+1.895000E-03,+5.562500000E+00,-67.499984E-03,+846.874997E-03
+1.900000E-03,+5.562500000E+00,-67.499984E-03,+846.874997E-03
+1.905000E-03,+5.562500000E+00,-73.749984E-03,+831.249997E-03
+1.910000E-03,+5.562500000E+00,-67.499984E-03,+815.624997E-03
+1.915000E-03,+5.562500000E+00,-67.499984E-03,+831.249997E-03
+1.920000E-03,+5.562500000E+00,-67.499984E-03,+831.249997E-03
+1.925000E-03,+5.406250000E+00,-67.499984E-03,+831.249997E-03
+1.930000E-03,+5.406250000E+00,-73.749984E-03,+815.624997E-03
+1.935000E-03,+5.406250000E+00,-67.499984E-03,+831.249997E-03
+1.940000E-03,+5.406250000E+00,-67.499984E-03,+815.624997E-03
+1.945000E-03,+5.406250000E+00,-67.499984E-03,+831.249997E-03
+1.950000E-03,+5.406250000E+00,-67.499984E-03,+799.999997E-03
+1.955000E-03,+5.250000000E+00,-67.499984E-03,+815.624997E-03
+1.960000E-03,+5.250000000E+00,-67.499984E-03,+799.999997E-03
+1.965000E-03,+5.250000000E+00,-67.499984E-03,+799.999997E-03
+1.970000E-03,+5.406250000E+00,-67.499984E-03,+815.624997E-03
+1.975000E-03,+5.406250000E+00,-79.999984E-03,+815.624997E-03
+1.980000E-03,+5.250000000E+00,-73.749984E-03,+799.999997E-03
+1.985000E-03,+5.406250000E+00,-79.999984E-03,+799.999997E-03
+1.990000E-03,+5.406250000E+00,-73.749984E-03,+799.999997E-03
+1.995000E-03,+5.250000000E+00,-73.749984E-03,+784.374997E-03
+2.000000E-03,+5.250000000E+00,-61.249984E-03,+784.374997E-03
+2.005000E-03,+5.250000000E+00,-67.499984E-03,+799.999997E-03
+2.010000E-03,+5.406250000E+00,-67.499984E-03,+784.374997E-03
+2.015000E-03,+5.250000000E+00,-73.749984E-03,+784.374997E-03
+2.020000E-03,+5.250000000E+00,-67.499984E-03,+784.374997E-03
+2.025000E-03,+5.250000000E+00,-67.499984E-03,+768.749997E-03
+2.030000E-03,+5.250000000E+00,-73.749984E-03,+784.374997E-03
+2.035000E-03,+5.250000000E+00,-73.749984E-03,+768.749997E-03
+2.040000E-03,+5.250000000E+00,-73.749984E-03,+768.749997E-03
+2.045000E-03,+5.093750000E+00,-73.749984E-03,+768.749997E-03
+2.050000E-03,+5.250000000E+00,-73.749984E-03,+784.374997E-03
+2.055000E-03,+5.093750000E+00,-61.249984E-03,+768.749997E-03
+2.060000E-03,+5.093750000E+00,-61.249984E-03,+753.124997E-03
+2.065000E-03,+5.093750000E+00,-61.249984E-03,+768.749997E-03
+2.070000E-03,+5.093750000E+00,-61.249984E-03,+753.124997E-03
+2.075000E-03,+5.093750000E+00,-67.499984E-03,+753.124997E-03
+2.080000E-03,+5.093750000E+00,-73.749984E-03,+753.124997E-03
+2.085000E-03,+5.093750000E+00,-73.749984E-03,+753.124997E-03
+2.090000E-03,+4.937500000E+00,-73.749984E-03,+768.749997E-03
+2.095000E-03,+4.937500000E+00,-73.749984E-03,+737.499997E-03
+2.100000E-03,+4.937500000E+00,-67.499984E-03,+737.499997E-03
+2.105000E-03,+4.937500000E+00,-67.499984E-03,+737.499997E-03
+2.110000E-03,+4.937500000E+00,-73.749984E-03,+753.124997E-03
+2.115000E-03,+5.093750000E+00,-73.749984E-03,+753.124997E-03
+2.120000E-03,+4.937500000E+00,-67.499984E-03,+737.499997E-03
+2.125000E-03,+4.937500000E+00,-67.499984E-03,+737.499997E-03
+2.130000E-03,+5.093750000E+00,-61.249984E-03,+737.499997E-03
+2.135000E-03,+4.937500000E+00,-73.749984E-03,+737.499997E-03
+2.140000E-03,+4.937500000E+00,-61.249984E-03,+753.124997E-03
+2.145000E-03,+4.937500000E+00,-61.249984E-03,+737.499997E-03
+2.150000E-03,+4.781250000E+00,-67.499984E-03,+721.874997E-03
+2.155000E-03,+4.781250000E+00,-79.999984E-03,+721.874997E-03
+2.160000E-03,+4.625000000E+00,-73.749984E-03,+721.874997E-03
+2.165000E-03,+4.937500000E+00,-67.499984E-03,+721.874997E-03
+2.170000E-03,+4.937500000E+00,-67.499984E-03,+721.874997E-03
+2.175000E-03,+4.781250000E+00,-61.249984E-03,+706.249997E-03
+2.180000E-03,+4.625000000E+00,-73.749984E-03,+706.249997E-03
+2.185000E-03,+4.781250000E+00,-67.499984E-03,+721.874997E-03
+2.190000E-03,+4.781250000E+00,-73.749984E-03,+706.249997E-03
+2.195000E-03,+4.781250000E+00,-79.999984E-03,+690.624997E-03
+2.200000E-03,+4.625000000E+00,-73.749984E-03,+706.249997E-03
+2.205000E-03,+4.625000000E+00,-67.499984E-03,+721.874997E-03
+2.210000E-03,+4.781250000E+00,-73.749984E-03,+706.249997E-03
+2.215000E-03,+4.781250000E+00,-67.499984E-03,+706.249997E-03
+2.220000E-03,+4.625000000E+00,-67.499984E-03,+721.874997E-03
+2.225000E-03,+4.625000000E+00,-73.749984E-03,+690.624997E-03
+2.230000E-03,+4.781250000E+00,-73.749984E-03,+674.999997E-03
+2.235000E-03,+4.781250000E+00,-73.749984E-03,+706.249997E-03
+2.240000E-03,+4.625000000E+00,-73.749984E-03,+690.624997E-03
+2.245000E-03,+4.625000000E+00,-79.999984E-03,+674.999997E-03
+2.250000E-03,+4.625000000E+00,-67.499984E-03,+706.249997E-03
+2.255000E-03,+4.468750000E+00,-67.499984E-03,+690.624997E-03
+2.260000E-03,+4.625000000E+00,-67.499984E-03,+690.624997E-03
+2.265000E-03,+4.625000000E+00,-73.749984E-03,+674.999997E-03
+2.270000E-03,+4.468750000E+00,-67.499984E-03,+706.249997E-03
+2.275000E-03,+4.625000000E+00,-79.999984E-03,+690.624997E-03
+2.280000E-03,+4.468750000E+00,-73.749984E-03,+674.999997E-03
+2.285000E-03,+4.625000000E+00,-73.749984E-03,+659.374997E-03
+2.290000E-03,+4.625000000E+00,-73.749984E-03,+674.999997E-03
+2.295000E-03,+4.312500000E+00,-79.999984E-03,+659.374997E-03
+2.300000E-03,+4.312500000E+00,-73.749984E-03,+659.374997E-03
+2.305000E-03,+4.468750000E+00,-73.749984E-03,+674.999997E-03
+2.310000E-03,+4.468750000E+00,-79.999984E-03,+643.749997E-03
+2.315000E-03,+4.312500000E+00,-73.749984E-03,+674.999997E-03
+2.320000E-03,+4.468750000E+00,-73.749984E-03,+659.374997E-03
+2.325000E-03,+4.312500000E+00,-67.499984E-03,+674.999997E-03
+2.330000E-03,+4.312500000E+00,-67.499984E-03,+659.374997E-03
+2.335000E-03,+4.312500000E+00,-73.749984E-03,+643.749997E-03
+2.340000E-03,+4.312500000E+00,-73.749984E-03,+643.749997E-03
+2.345000E-03,+4.156250000E+00,-73.749984E-03,+643.749997E-03
+2.350000E-03,+4.312500000E+00,-79.999984E-03,+643.749997E-03
+2.355000E-03,+4.312500000E+00,-79.999984E-03,+643.749997E-03
+2.360000E-03,+4.156250000E+00,-79.999984E-03,+643.749997E-03
+2.365000E-03,+4.312500000E+00,-79.999984E-03,+659.374997E-03
+2.370000E-03,+4.156250000E+00,-79.999984E-03,+643.749997E-03
+2.375000E-03,+4.625000000E+00,-73.749984E-03,+643.749997E-03
+2.380000E-03,+4.156250000E+00,-79.999984E-03,+643.749997E-03
+2.385000E-03,+4.312500000E+00,-79.999984E-03,+643.749997E-03
+2.390000E-03,+4.156250000E+00,-73.749984E-03,+643.749997E-03
+2.395000E-03,+4.312500000E+00,-79.999984E-03,+643.749997E-03
+2.400000E-03,+4.000000000E+00,-73.749984E-03,+612.499997E-03
+2.405000E-03,+4.156250000E+00,-73.749984E-03,+628.124997E-03
+2.410000E-03,+4.156250000E+00,-79.999984E-03,+628.124997E-03
+2.415000E-03,+4.156250000E+00,-73.749984E-03,+643.749997E-03
+2.420000E-03,+4.156250000E+00,-86.249984E-03,+628.124997E-03
+2.425000E-03,+4.312500000E+00,-73.749984E-03,+612.499997E-03
+2.430000E-03,+4.000000000E+00,-73.749984E-03,+596.874997E-03
+2.435000E-03,+4.156250000E+00,-73.749984E-03,+628.124997E-03
+2.440000E-03,+4.156250000E+00,-67.499984E-03,+612.499997E-03
+2.445000E-03,+4.156250000E+00,-73.749984E-03,+612.499997E-03
+2.450000E-03,+4.000000000E+00,-73.749984E-03,+612.499997E-03
+2.455000E-03,+4.312500000E+00,-79.999984E-03,+628.124997E-03
+2.460000E-03,+4.000000000E+00,-73.749984E-03,+612.499997E-03
+2.465000E-03,+4.156250000E+00,-73.749984E-03,+596.874997E-03
+2.470000E-03,+4.000000000E+00,-73.749984E-03,+612.499997E-03
+2.475000E-03,+4.000000000E+00,-79.999984E-03,+612.499997E-03
+2.480000E-03,+4.000000000E+00,-73.749984E-03,+612.499997E-03
+2.485000E-03,+4.000000000E+00,-73.749984E-03,+596.874997E-03
+2.490000E-03,+4.000000000E+00,-73.749984E-03,+565.624997E-03
+2.495000E-03,+4.000000000E+00,-79.999984E-03,+596.874997E-03
+2.500000E-03,+4.000000000E+00,-67.499984E-03,+581.249997E-03
+2.505000E-03,+4.000000000E+00,-79.999984E-03,+581.249997E-03
+2.510000E-03,+4.000000000E+00,-73.749984E-03,+596.874997E-03
+2.515000E-03,+4.000000000E+00,-67.499984E-03,+581.249997E-03
+2.520000E-03,+4.000000000E+00,-73.749984E-03,+565.624997E-03
+2.525000E-03,+4.000000000E+00,-73.749984E-03,+581.249997E-03
+2.530000E-03,+4.000000000E+00,-73.749984E-03,+596.874997E-03
+2.535000E-03,+3.843750000E+00,-73.749984E-03,+581.249997E-03
+2.540000E-03,+4.000000000E+00,-73.749984E-03,+581.249997E-03
+2.545000E-03,+4.000000000E+00,-79.999984E-03,+565.624997E-03
+2.550000E-03,+3.843750000E+00,-73.749984E-03,+581.249997E-03
+2.555000E-03,+3.843750000E+00,-67.499984E-03,+581.249997E-03
+2.560000E-03,+3.843750000E+00,-67.499984E-03,+565.624997E-03
+2.565000E-03,+4.000000000E+00,-67.499984E-03,+565.624997E-03
+2.570000E-03,+3.843750000E+00,-73.749984E-03,+581.249997E-03
+2.575000E-03,+3.843750000E+00,-79.999984E-03,+565.624997E-03
+2.580000E-03,+3.843750000E+00,-67.499984E-03,+581.249997E-03
+2.585000E-03,+3.843750000E+00,-73.749984E-03,+549.999997E-03
+2.590000E-03,+3.843750000E+00,-67.499984E-03,+565.624997E-03
+2.595000E-03,+3.687500000E+00,-73.749984E-03,+565.624997E-03
+2.600000E-03,+3.687500000E+00,-67.499984E-03,+565.624997E-03
+2.605000E-03,+3.843750000E+00,-73.749984E-03,+565.624997E-03
+2.610000E-03,+3.843750000E+00,-79.999984E-03,+549.999997E-03
+2.615000E-03,+3.843750000E+00,-79.999984E-03,+565.624997E-03
+2.620000E-03,+3.687500000E+00,-73.749984E-03,+565.624997E-03
+2.625000E-03,+3.687500000E+00,-79.999984E-03,+549.999997E-03
+2.630000E-03,+3.531250000E+00,-73.749984E-03,+565.624997E-03
+2.635000E-03,+3.843750000E+00,-79.999984E-03,+534.374997E-03
+2.640000E-03,+3.687500000E+00,-73.749984E-03,+549.999997E-03
+2.645000E-03,+3.687500000E+00,-79.999984E-03,+549.999997E-03
+2.650000E-03,+3.687500000E+00,-79.999984E-03,+565.624997E-03
+2.655000E-03,+3.843750000E+00,-73.749984E-03,+549.999997E-03
+2.660000E-03,+3.687500000E+00,-86.249984E-03,+534.374997E-03
+2.665000E-03,+3.687500000E+00,-79.999984E-03,+534.374997E-03
+2.670000E-03,+3.687500000E+00,-79.999984E-03,+534.374997E-03
+2.675000E-03,+3.531250000E+00,-79.999984E-03,+549.999997E-03
+2.680000E-03,+3.531250000E+00,-73.749984E-03,+534.374997E-03
+2.685000E-03,+3.531250000E+00,-73.749984E-03,+534.374997E-03
+2.690000E-03,+3.687500000E+00,-73.749984E-03,+518.749997E-03
+2.695000E-03,+3.531250000E+00,-73.749984E-03,+534.374997E-03
+2.700000E-03,+3.531250000E+00,-79.999984E-03,+534.374997E-03
+2.705000E-03,+3.531250000E+00,-67.499984E-03,+518.749997E-03
+2.710000E-03,+3.531250000E+00,-67.499984E-03,+534.374997E-03
+2.715000E-03,+3.531250000E+00,-73.749984E-03,+534.374997E-03
+2.720000E-03,+3.531250000E+00,-79.999984E-03,+518.749997E-03
+2.725000E-03,+3.531250000E+00,-79.999984E-03,+518.749997E-03
+2.730000E-03,+3.531250000E+00,-79.999984E-03,+518.749997E-03
+2.735000E-03,+3.531250000E+00,-73.749984E-03,+518.749997E-03
+2.740000E-03,+3.531250000E+00,-73.749984E-03,+534.374997E-03
+2.745000E-03,+3.531250000E+00,-79.999984E-03,+518.749997E-03
+2.750000E-03,+3.375000000E+00,-79.999984E-03,+503.124997E-03
+2.755000E-03,+3.375000000E+00,-73.749984E-03,+503.124997E-03
+2.760000E-03,+3.531250000E+00,-73.749984E-03,+503.124997E-03
+2.765000E-03,+3.531250000E+00,-73.749984E-03,+534.374997E-03
+2.770000E-03,+3.531250000E+00,-73.749984E-03,+518.749997E-03
+2.775000E-03,+3.375000000E+00,-79.999984E-03,+503.124997E-03
+2.780000E-03,+3.375000000E+00,-86.249984E-03,+503.124997E-03
+2.785000E-03,+3.375000000E+00,-79.999984E-03,+503.124997E-03
+2.790000E-03,+3.375000000E+00,-79.999984E-03,+503.124997E-03
+2.795000E-03,+3.375000000E+00,-79.999984E-03,+503.124997E-03
+2.800000E-03,+3.375000000E+00,-79.999984E-03,+503.124997E-03
+2.805000E-03,+3.375000000E+00,-79.999984E-03,+503.124997E-03
+2.810000E-03,+3.218750000E+00,-79.999984E-03,+503.124997E-03
+2.815000E-03,+3.375000000E+00,-86.249984E-03,+503.124997E-03
+2.820000E-03,+3.375000000E+00,-79.999984E-03,+503.124997E-03
+2.825000E-03,+3.218750000E+00,-79.999984E-03,+487.499997E-03
+2.830000E-03,+3.218750000E+00,-86.249984E-03,+503.124997E-03
+2.835000E-03,+3.375000000E+00,-86.249984E-03,+487.499997E-03
+2.840000E-03,+3.375000000E+00,-79.999984E-03,+487.499997E-03
+2.845000E-03,+3.218750000E+00,-73.749984E-03,+487.499997E-03
+2.850000E-03,+3.375000000E+00,-73.749984E-03,+487.499997E-03
+2.855000E-03,+3.375000000E+00,-73.749984E-03,+471.874997E-03
+2.860000E-03,+3.375000000E+00,-73.749984E-03,+471.874997E-03
+2.865000E-03,+3.375000000E+00,-73.749984E-03,+487.499997E-03
+2.870000E-03,+3.218750000E+00,-79.999984E-03,+471.874997E-03
+2.875000E-03,+3.062500000E+00,-79.999984E-03,+471.874997E-03
+2.880000E-03,+3.218750000E+00,-79.999984E-03,+487.499997E-03
+2.885000E-03,+3.218750000E+00,-73.749984E-03,+456.249997E-03
+2.890000E-03,+3.218750000E+00,-73.749984E-03,+487.499997E-03
+2.895000E-03,+3.218750000E+00,-79.999984E-03,+471.874997E-03
+2.900000E-03,+3.218750000E+00,-73.749984E-03,+456.249997E-03
+2.905000E-03,+3.218750000E+00,-79.999984E-03,+456.249997E-03
+2.910000E-03,+3.218750000E+00,-73.749984E-03,+487.499997E-03
+2.915000E-03,+3.218750000E+00,-73.749984E-03,+456.249997E-03
+2.920000E-03,+3.218750000E+00,-73.749984E-03,+471.874997E-03
+2.925000E-03,+3.062500000E+00,-73.749984E-03,+471.874997E-03
+2.930000E-03,+3.062500000E+00,-73.749984E-03,+471.874997E-03
+2.935000E-03,+3.218750000E+00,-73.749984E-03,+471.874997E-03
+2.940000E-03,+3.218750000E+00,-79.999984E-03,+471.874997E-03
+2.945000E-03,+3.062500000E+00,-73.749984E-03,+456.249997E-03
+2.950000E-03,+3.062500000E+00,-79.999984E-03,+471.874997E-03
+2.955000E-03,+3.218750000E+00,-67.499984E-03,+471.874997E-03
+2.960000E-03,+3.218750000E+00,-79.999984E-03,+471.874997E-03
+2.965000E-03,+3.062500000E+00,-79.999984E-03,+456.249997E-03
+2.970000E-03,+2.906250000E+00,-73.749984E-03,+440.624997E-03
+2.975000E-03,+3.062500000E+00,-79.999984E-03,+440.624997E-03
+2.980000E-03,+3.062500000E+00,-73.749984E-03,+456.249997E-03
+2.985000E-03,+3.218750000E+00,-67.499984E-03,+440.624997E-03
+2.990000E-03,+3.062500000E+00,-67.499984E-03,+456.249997E-03
+2.995000E-03,+3.062500000E+00,-73.749984E-03,+440.624997E-03
+3.000000E-03,+3.062500000E+00,-73.749984E-03,+424.999997E-03
+3.005000E-03,+3.062500000E+00,-79.999984E-03,+456.249997E-03
+3.010000E-03,+3.062500000E+00,-73.749984E-03,+456.249997E-03
+3.015000E-03,+3.062500000E+00,-79.999984E-03,+456.249997E-03
+3.020000E-03,+3.062500000E+00,-73.749984E-03,+456.249997E-03
+3.025000E-03,+2.906250000E+00,-73.749984E-03,+456.249997E-03
+3.030000E-03,+2.906250000E+00,-73.749984E-03,+440.624997E-03
+3.035000E-03,+3.062500000E+00,-73.749984E-03,+440.624997E-03
+3.040000E-03,+2.906250000E+00,-61.249984E-03,+440.624997E-03
+3.045000E-03,+2.906250000E+00,-73.749984E-03,+440.624997E-03
+3.050000E-03,+2.906250000E+00,-73.749984E-03,+424.999997E-03
+3.055000E-03,+3.062500000E+00,-67.499984E-03,+440.624997E-03
+3.060000E-03,+2.906250000E+00,-67.499984E-03,+424.999997E-03
+3.065000E-03,+2.906250000E+00,-67.499984E-03,+424.999997E-03
+3.070000E-03,+2.906250000E+00,-73.749984E-03,+424.999997E-03
+3.075000E-03,+2.906250000E+00,-73.749984E-03,+440.624997E-03
+3.080000E-03,+2.906250000E+00,-73.749984E-03,+409.374997E-03
+3.085000E-03,+2.906250000E+00,-79.999984E-03,+424.999997E-03
+3.090000E-03,+2.906250000E+00,-67.499984E-03,+424.999997E-03
+3.095000E-03,+2.906250000E+00,-67.499984E-03,+409.374997E-03
+3.100000E-03,+2.906250000E+00,-67.499984E-03,+440.624997E-03
+3.105000E-03,+3.062500000E+00,-61.249984E-03,+409.374997E-03
+3.110000E-03,+2.906250000E+00,-67.499984E-03,+424.999997E-03
+3.115000E-03,+2.906250000E+00,-67.499984E-03,+440.624997E-03
+3.120000E-03,+2.906250000E+00,-73.749984E-03,+424.999997E-03
+3.125000E-03,+3.062500000E+00,-73.749984E-03,+409.374997E-03
+3.130000E-03,+2.906250000E+00,-73.749984E-03,+424.999997E-03
+3.135000E-03,+2.906250000E+00,-79.999984E-03,+424.999997E-03
+3.140000E-03,+2.906250000E+00,-79.999984E-03,+393.749997E-03
+3.145000E-03,+2.750000000E+00,-79.999984E-03,+409.374997E-03
+3.150000E-03,+2.906250000E+00,-79.999984E-03,+409.374997E-03
+3.155000E-03,+2.906250000E+00,-79.999984E-03,+424.999997E-03
+3.160000E-03,+2.750000000E+00,-79.999984E-03,+409.374997E-03
+3.165000E-03,+2.906250000E+00,-73.749984E-03,+409.374997E-03
+3.170000E-03,+2.750000000E+00,-86.249984E-03,+424.999997E-03
+3.175000E-03,+2.906250000E+00,-73.749984E-03,+409.374997E-03
+3.180000E-03,+2.906250000E+00,-73.749984E-03,+409.374997E-03
+3.185000E-03,+2.906250000E+00,-73.749984E-03,+409.374997E-03
+3.190000E-03,+2.750000000E+00,-73.749984E-03,+393.749997E-03
+3.195000E-03,+2.750000000E+00,-73.749984E-03,+409.374997E-03
+3.200000E-03,+2.750000000E+00,-67.499984E-03,+409.374997E-03
+3.205000E-03,+2.750000000E+00,-73.749984E-03,+393.749997E-03
+3.210000E-03,+2.750000000E+00,-73.749984E-03,+393.749997E-03
+3.215000E-03,+2.593750000E+00,-73.749984E-03,+409.374997E-03
+3.220000E-03,+2.593750000E+00,-73.749984E-03,+393.749997E-03
+3.225000E-03,+2.593750000E+00,-67.499984E-03,+393.749997E-03
+3.230000E-03,+2.750000000E+00,-79.999984E-03,+393.749997E-03
+3.235000E-03,+2.750000000E+00,-73.749984E-03,+409.374997E-03
+3.240000E-03,+2.906250000E+00,-73.749984E-03,+409.374997E-03
+3.245000E-03,+2.593750000E+00,-67.499984E-03,+409.374997E-03
+3.250000E-03,+2.593750000E+00,-73.749984E-03,+393.749997E-03
+3.255000E-03,+2.750000000E+00,-73.749984E-03,+393.749997E-03
+3.260000E-03,+2.593750000E+00,-73.749984E-03,+378.124997E-03
+3.265000E-03,+2.437500000E+00,-67.499984E-03,+393.749997E-03
+3.270000E-03,+2.593750000E+00,-61.249984E-03,+362.499997E-03
+3.275000E-03,+2.593750000E+00,-67.499984E-03,+378.124997E-03
+3.280000E-03,+2.593750000E+00,-73.749984E-03,+378.124997E-03
+3.285000E-03,+2.593750000E+00,-79.999984E-03,+393.749997E-03
+3.290000E-03,+2.437500000E+00,-79.999984E-03,+378.124997E-03
+3.295000E-03,+2.750000000E+00,-67.499984E-03,+378.124997E-03
+3.300000E-03,+2.593750000E+00,-67.499984E-03,+362.499997E-03
+3.305000E-03,+2.593750000E+00,-67.499984E-03,+362.499997E-03
+3.310000E-03,+2.593750000E+00,-61.249984E-03,+362.499997E-03
+3.315000E-03,+2.593750000E+00,-73.749984E-03,+378.124997E-03
+3.320000E-03,+2.437500000E+00,-73.749984E-03,+378.124997E-03
+3.325000E-03,+2.593750000E+00,-67.499984E-03,+378.124997E-03
+3.330000E-03,+2.750000000E+00,-61.249984E-03,+378.124997E-03
+3.335000E-03,+2.750000000E+00,-61.249984E-03,+378.124997E-03
+3.340000E-03,+2.593750000E+00,-67.499984E-03,+393.749997E-03
+3.345000E-03,+2.593750000E+00,-67.499984E-03,+393.749997E-03
+3.350000E-03,+2.593750000E+00,-67.499984E-03,+378.124997E-03
+3.355000E-03,+2.437500000E+00,-73.749984E-03,+362.499997E-03
+3.360000E-03,+2.437500000E+00,-67.499984E-03,+362.499997E-03
+3.365000E-03,+2.437500000E+00,-61.249984E-03,+346.874997E-03
+3.370000E-03,+2.593750000E+00,-67.499984E-03,+362.499997E-03
+3.375000E-03,+2.593750000E+00,-67.499984E-03,+362.499997E-03
+3.380000E-03,+2.437500000E+00,-73.749984E-03,+362.499997E-03
+3.385000E-03,+2.593750000E+00,-73.749984E-03,+362.499997E-03
+3.390000E-03,+2.593750000E+00,-67.499984E-03,+362.499997E-03
+3.395000E-03,+2.593750000E+00,-67.499984E-03,+378.124997E-03
+3.400000E-03,+2.437500000E+00,-73.749984E-03,+362.499997E-03
+3.405000E-03,+2.593750000E+00,-67.499984E-03,+378.124997E-03
+3.410000E-03,+2.593750000E+00,-73.749984E-03,+362.499997E-03
+3.415000E-03,+2.437500000E+00,-67.499984E-03,+362.499997E-03
+3.420000E-03,+2.593750000E+00,-73.749984E-03,+378.124997E-03
+3.425000E-03,+2.437500000E+00,-67.499984E-03,+362.499997E-03
+3.430000E-03,+2.281250000E+00,-67.499984E-03,+346.874997E-03
+3.435000E-03,+2.281250000E+00,-73.749984E-03,+346.874997E-03
+3.440000E-03,+2.437500000E+00,-79.999984E-03,+362.499997E-03
+3.445000E-03,+2.437500000E+00,-73.749984E-03,+362.499997E-03
+3.450000E-03,+2.437500000E+00,-73.749984E-03,+362.499997E-03
+3.455000E-03,+2.437500000E+00,-73.749984E-03,+346.874997E-03
+3.460000E-03,+2.437500000E+00,-67.499984E-03,+346.874997E-03
+3.465000E-03,+2.593750000E+00,-67.499984E-03,+362.499997E-03
+3.470000E-03,+2.281250000E+00,-67.499984E-03,+362.499997E-03
+3.475000E-03,+2.593750000E+00,-67.499984E-03,+346.874997E-03
+3.480000E-03,+2.437500000E+00,-67.499984E-03,+346.874997E-03
+3.485000E-03,+2.281250000E+00,-67.499984E-03,+331.249997E-03
+3.490000E-03,+2.281250000E+00,-73.749984E-03,+346.874997E-03
+3.495000E-03,+2.437500000E+00,-73.749984E-03,+346.874997E-03
+3.500000E-03,+2.437500000E+00,-73.749984E-03,+346.874997E-03
+3.505000E-03,+2.437500000E+00,-73.749984E-03,+346.874997E-03
+3.510000E-03,+2.593750000E+00,-61.249984E-03,+346.874997E-03
+3.515000E-03,+2.281250000E+00,-73.749984E-03,+346.874997E-03
+3.520000E-03,+2.437500000E+00,-67.499984E-03,+331.249997E-03
+3.525000E-03,+2.281250000E+00,-61.249984E-03,+331.249997E-03
+3.530000E-03,+2.437500000E+00,-67.499984E-03,+346.874997E-03
+3.535000E-03,+2.437500000E+00,-67.499984E-03,+346.874997E-03
+3.540000E-03,+2.437500000E+00,-67.499984E-03,+331.249997E-03
+3.545000E-03,+2.437500000E+00,-67.499984E-03,+346.874997E-03
+3.550000E-03,+2.437500000E+00,-67.499984E-03,+346.874997E-03
+3.555000E-03,+2.437500000E+00,-67.499984E-03,+346.874997E-03
+3.560000E-03,+2.281250000E+00,-73.749984E-03,+346.874997E-03
+3.565000E-03,+2.437500000E+00,-73.749984E-03,+346.874997E-03
+3.570000E-03,+2.281250000E+00,-67.499984E-03,+331.249997E-03
+3.575000E-03,+2.281250000E+00,-73.749984E-03,+331.249997E-03
+3.580000E-03,+2.281250000E+00,-73.749984E-03,+346.874997E-03
+3.585000E-03,+2.281250000E+00,-67.499984E-03,+362.499997E-03
+3.590000E-03,+2.437500000E+00,-73.749984E-03,+331.249997E-03
+3.595000E-03,+2.281250000E+00,-73.749984E-03,+331.249997E-03
+3.600000E-03,+2.281250000E+00,-73.749984E-03,+331.249997E-03
+3.605000E-03,+2.281250000E+00,-73.749984E-03,+362.499997E-03
+3.610000E-03,+2.437500000E+00,-67.499984E-03,+331.249997E-03
+3.615000E-03,+2.281250000E+00,-73.749984E-03,+331.249997E-03
+3.620000E-03,+2.281250000E+00,-67.499984E-03,+331.249997E-03
+3.625000E-03,+2.437500000E+00,-67.499984E-03,+331.249997E-03
+3.630000E-03,+2.281250000E+00,-61.249984E-03,+315.624997E-03
+3.635000E-03,+2.437500000E+00,-61.249984E-03,+331.249997E-03
+3.640000E-03,+2.281250000E+00,-61.249984E-03,+315.624997E-03
+3.645000E-03,+2.281250000E+00,-67.499984E-03,+331.249997E-03
+3.650000E-03,+2.281250000E+00,-67.499984E-03,+331.249997E-03
+3.655000E-03,+2.281250000E+00,-61.249984E-03,+331.249997E-03
+3.660000E-03,+2.125000000E+00,-61.249984E-03,+331.249997E-03
+3.665000E-03,+2.281250000E+00,-67.499984E-03,+315.624997E-03
+3.670000E-03,+2.437500000E+00,-61.249984E-03,+331.249997E-03
+3.675000E-03,+2.281250000E+00,-61.249984E-03,+331.249997E-03
+3.680000E-03,+2.125000000E+00,-67.499984E-03,+299.999997E-03
+3.685000E-03,+2.281250000E+00,-73.749984E-03,+315.624997E-03
+3.690000E-03,+2.125000000E+00,-67.499984E-03,+299.999997E-03
+3.695000E-03,+2.281250000E+00,-61.249984E-03,+315.624997E-03
+3.700000E-03,+2.281250000E+00,-73.749984E-03,+299.999997E-03
+3.705000E-03,+2.125000000E+00,-67.499984E-03,+315.624997E-03
+3.710000E-03,+2.281250000E+00,-73.749984E-03,+331.249997E-03
+3.715000E-03,+2.281250000E+00,-67.499984E-03,+315.624997E-03
+3.720000E-03,+2.281250000E+00,-67.499984E-03,+315.624997E-03
+3.725000E-03,+2.281250000E+00,-67.499984E-03,+315.624997E-03
+3.730000E-03,+2.125000000E+00,-67.499984E-03,+299.999997E-03
+3.735000E-03,+2.125000000E+00,-67.499984E-03,+315.624997E-03
+3.740000E-03,+2.281250000E+00,-67.499984E-03,+315.624997E-03
+3.745000E-03,+2.281250000E+00,-61.249984E-03,+315.624997E-03
+3.750000E-03,+2.125000000E+00,-73.749984E-03,+315.624997E-03
+3.755000E-03,+2.125000000E+00,-67.499984E-03,+299.999997E-03
+3.760000E-03,+1.968750000E+00,-61.249984E-03,+315.624997E-03
+3.765000E-03,+2.125000000E+00,-67.499984E-03,+299.999997E-03
+3.770000E-03,+2.125000000E+00,-67.499984E-03,+315.624997E-03
+3.775000E-03,+2.125000000E+00,-67.499984E-03,+299.999997E-03
+3.780000E-03,+2.281250000E+00,-67.499984E-03,+299.999997E-03
+3.785000E-03,+2.125000000E+00,-61.249984E-03,+315.624997E-03
+3.790000E-03,+2.125000000E+00,-61.249984E-03,+315.624997E-03
+3.795000E-03,+2.281250000E+00,-67.499984E-03,+299.999997E-03
+3.800000E-03,+2.125000000E+00,-73.749984E-03,+315.624997E-03
+3.805000E-03,+2.281250000E+00,-67.499984E-03,+299.999997E-03
+3.810000E-03,+2.125000000E+00,-67.499984E-03,+299.999997E-03
+3.815000E-03,+1.968750000E+00,-67.499984E-03,+315.624997E-03
+3.820000E-03,+2.281250000E+00,-67.499984E-03,+315.624997E-03
+3.825000E-03,+2.125000000E+00,-67.499984E-03,+299.999997E-03
+3.830000E-03,+2.125000000E+00,-67.499984E-03,+299.999997E-03
+3.835000E-03,+2.125000000E+00,-61.249984E-03,+299.999997E-03
+3.840000E-03,+2.125000000E+00,-61.249984E-03,+315.624997E-03
+3.845000E-03,+2.125000000E+00,-67.499984E-03,+315.624997E-03
+3.850000E-03,+2.125000000E+00,-67.499984E-03,+299.999997E-03
+3.855000E-03,+2.125000000E+00,-73.749984E-03,+299.999997E-03
+3.860000E-03,+2.125000000E+00,-67.499984E-03,+299.999997E-03
+3.865000E-03,+2.125000000E+00,-73.749984E-03,+299.999997E-03
+3.870000E-03,+2.125000000E+00,-61.249984E-03,+299.999997E-03
+3.875000E-03,+2.125000000E+00,-61.249984E-03,+284.374997E-03
+3.880000E-03,+2.125000000E+00,-67.499984E-03,+299.999997E-03
+3.885000E-03,+2.125000000E+00,-61.249984E-03,+299.999997E-03
+3.890000E-03,+1.968750000E+00,-67.499984E-03,+315.624997E-03
+3.895000E-03,+2.125000000E+00,-67.499984E-03,+299.999997E-03
+3.900000E-03,+2.125000000E+00,-67.499984E-03,+299.999997E-03
+3.905000E-03,+2.125000000E+00,-73.749984E-03,+315.624997E-03
+3.910000E-03,+2.125000000E+00,-67.499984E-03,+284.374997E-03
+3.915000E-03,+2.125000000E+00,-61.249984E-03,+284.374997E-03
+3.920000E-03,+2.125000000E+00,-61.249984E-03,+299.999997E-03
+3.925000E-03,+2.125000000E+00,-61.249984E-03,+299.999997E-03
+3.930000E-03,+2.125000000E+00,-73.749984E-03,+299.999997E-03
+3.935000E-03,+2.125000000E+00,-67.499984E-03,+284.374997E-03
+3.940000E-03,+1.968750000E+00,-61.249984E-03,+284.374997E-03
+3.945000E-03,+1.968750000E+00,-54.999984E-03,+284.374997E-03
+3.950000E-03,+1.968750000E+00,-61.249984E-03,+299.999997E-03
+3.955000E-03,+1.968750000E+00,-61.249984E-03,+284.374997E-03
+3.960000E-03,+1.968750000E+00,-67.499984E-03,+299.999997E-03
+3.965000E-03,+1.968750000E+00,-61.249984E-03,+299.999997E-03
+3.970000E-03,+2.125000000E+00,-61.249984E-03,+284.374997E-03
+3.975000E-03,+1.812500000E+00,-61.249984E-03,+284.374997E-03
+3.980000E-03,+1.968750000E+00,-67.499984E-03,+284.374997E-03
+3.985000E-03,+2.125000000E+00,-67.499984E-03,+284.374997E-03
+3.990000E-03,+1.968750000E+00,-54.999984E-03,+284.374997E-03
+3.995000E-03,+1.968750000E+00,-61.249984E-03,+284.374997E-03
+4.000000E-03,+1.968750000E+00,-61.249984E-03,+284.374997E-03
+4.005000E-03,+1.968750000E+00,-61.249984E-03,+299.999997E-03
+4.010000E-03,+1.968750000E+00,-54.999984E-03,+284.374997E-03
+4.015000E-03,+1.968750000E+00,-61.249984E-03,+284.374997E-03
+4.020000E-03,+1.968750000E+00,-54.999984E-03,+268.749997E-03
+4.025000E-03,+1.968750000E+00,-54.999984E-03,+299.999997E-03
+4.030000E-03,+1.968750000E+00,-54.999984E-03,+284.374997E-03
+4.035000E-03,+1.968750000E+00,-61.249984E-03,+268.749997E-03
+4.040000E-03,+1.968750000E+00,-61.249984E-03,+284.374997E-03
+4.045000E-03,+1.968750000E+00,-61.249984E-03,+284.374997E-03
+4.050000E-03,+1.968750000E+00,-67.499984E-03,+284.374997E-03
+4.055000E-03,+2.125000000E+00,-67.499984E-03,+268.749997E-03
+4.060000E-03,+2.125000000E+00,-61.249984E-03,+268.749997E-03
+4.065000E-03,+2.125000000E+00,-67.499984E-03,+268.749997E-03
+4.070000E-03,+1.968750000E+00,-61.249984E-03,+268.749997E-03
+4.075000E-03,+1.968750000E+00,-67.499984E-03,+268.749997E-03
+4.080000E-03,+1.968750000E+00,-61.249984E-03,+268.749997E-03
+4.085000E-03,+1.968750000E+00,-67.499984E-03,+268.749997E-03
+4.090000E-03,+2.125000000E+00,-67.499984E-03,+284.374997E-03
+4.095000E-03,+1.968750000E+00,-67.499984E-03,+299.999997E-03
+4.100000E-03,+2.125000000E+00,-67.499984E-03,+284.374997E-03
+4.105000E-03,+1.968750000E+00,-61.249984E-03,+284.374997E-03
+4.110000E-03,+1.968750000E+00,-67.499984E-03,+268.749997E-03
+4.115000E-03,+1.812500000E+00,-67.499984E-03,+268.749997E-03
+4.120000E-03,+1.968750000E+00,-61.249984E-03,+268.749997E-03
+4.125000E-03,+1.968750000E+00,-54.999984E-03,+284.374997E-03
+4.130000E-03,+1.968750000E+00,-61.249984E-03,+284.374997E-03
+4.135000E-03,+1.968750000E+00,-61.249984E-03,+284.374997E-03
+4.140000E-03,+1.968750000E+00,-48.749984E-03,+268.749997E-03
+4.145000E-03,+1.968750000E+00,-54.999984E-03,+284.374997E-03
+4.150000E-03,+1.812500000E+00,-61.249984E-03,+268.749997E-03
+4.155000E-03,+1.968750000E+00,-61.249984E-03,+284.374997E-03
+4.160000E-03,+1.968750000E+00,-54.999984E-03,+268.749997E-03
+4.165000E-03,+1.968750000E+00,-61.249984E-03,+284.374997E-03
+4.170000E-03,+1.968750000E+00,-48.749984E-03,+284.374997E-03
+4.175000E-03,+1.968750000E+00,-61.249984E-03,+253.124997E-03
+4.180000E-03,+1.812500000E+00,-61.249984E-03,+268.749997E-03
+4.185000E-03,+1.968750000E+00,-61.249984E-03,+253.124997E-03
+4.190000E-03,+1.968750000E+00,-61.249984E-03,+284.374997E-03
+4.195000E-03,+1.968750000E+00,-61.249984E-03,+268.749997E-03
+4.200000E-03,+1.968750000E+00,-61.249984E-03,+268.749997E-03
+4.205000E-03,+1.812500000E+00,-61.249984E-03,+268.749997E-03
+4.210000E-03,+2.125000000E+00,-54.999984E-03,+268.749997E-03
+4.215000E-03,+1.812500000E+00,-61.249984E-03,+268.749997E-03
+4.220000E-03,+1.968750000E+00,-67.499984E-03,+268.749997E-03
+4.225000E-03,+1.812500000E+00,-61.249984E-03,+253.124997E-03
+4.230000E-03,+1.968750000E+00,-61.249984E-03,+284.374997E-03
+4.235000E-03,+1.968750000E+00,-54.999984E-03,+253.124997E-03
+4.240000E-03,+1.812500000E+00,-61.249984E-03,+253.124997E-03
+4.245000E-03,+1.812500000E+00,-54.999984E-03,+253.124997E-03
+4.250000E-03,+1.812500000E+00,-61.249984E-03,+268.749997E-03
+4.255000E-03,+1.812500000E+00,-61.249984E-03,+268.749997E-03
